Package name,Reviewer name,Review,Rating
com.chess.clock,siddhartha attri,liked,5
com.chess.clock,Your Channel,best chess timereasy usedeserves five,5
com.chess.clock,Amod Jadhav,good,5
com.chess.clock,Abhimanyu Singh,best,5
com.chess.clock,Veg Soup,good cant add time limits,3
com.chess.clock,Lucas Handekyn,perfect needs simple job well free,5
com.chess.clock,David J. Wallace (Machodave_215),job much say,5
com.chess.clock,Emmanuel Udoffe,easy use im loving,5
com.chess.clock,Sarah Clawson,totally ok,5
com.chess.clock,Nguyễn Thanh Nhân,pretty good,5
com.chess.clock,JustaBox,great simple chess clock says well lets customize time,5
com.chess.clock,Sakina Memon,funnnnyyyyyyy,5
com.chess.clock,Kushagra Singh,would give five stars vibration tactile feel click,4
com.chess.clock,Regieben Gonzales,effective playing chess,5
com.chess.clock,eslam serag,good,4
com.chess.clock,Anouar Dj,settings access menu started fortyfive end fortyfive counting nine one strange f,1
com.chess.clock,Dablefoste1,weeeeeeeeeeee,2
com.chess.clock,Iqbal Ipoy,u add beep time,5
com.chess.clock,Matthew Lavers,pretty good wish ability set time odds,3
com.chess.clock,Nithish .M,super,5
com.chess.clock,Jamie Flynn,works good,5
com.chess.clock,Evgeny Mamontov,practical preven screen lock,1
com.chess.clock,Kevin Light,used five star updated suddenly sound working properly one minute one gets click sound one taps square suddenly sound feint gives please assist,1
com.chess.clock,Jimit Chavda,app directly opens five hundred format doesnt show settings option pls solve,1
com.chess.clock,AGNES Mohale,nice chess clock think download enjoy,5
com.chess.clock,M.Ramesh M.Ramesh,ok,5
com.chess.clock,Myrna Aspiras,highly recommended,5
com.chess.clock,Finn,well says easy use customise,5
com.chess.clock,Aftab syed saud,really good,5
com.chess.clock,Safayet Milkan,thanks updating newer version,5
com.chess.clock,Priya Gajjar,best wanna play chess noise tikle chess struked,5
com.chess.clock,Choy lhyn Custodio,love dont chess clock im download im always play chess without needed,5
com.chess.clock,Krithik Chellappa,superb,5
com.chess.clock,DikshChess 14,good,5
com.chess.clock,Zaman Haidary,useful,5
com.chess.clock,kamesh gaming,hgv,5
com.chess.clock,Dylan Perry,show delay fischer time,4
com.chess.clock,Game Over,best chess clock ever,5
com.chess.clock,santosh sonkar,good work done,5
com.chess.clock,Coarse Rosinflower,great app problem runs compatibility mode,5
com.chess.clock,Teja Swini,op,5
com.chess.clock,Pras2ti Kakati,nice apppp,5
com.chess.clock,liora jalfon,theres nothing improve pick time control start buttons easy understand quick access distractions missclicks play perfect zero ads,5
com.chess.clock,Yogeeta Shrivastava,mast,5
com.chess.clock,Mamta s,cannot support newer version android,1
com.chess.clock,Asul7 Oil,goooood,5
com.chess.clock,Situ Kumari,update,1
com.chess.clock,Pankaj Bhambhani,simple ads dont need permission great work mate thanks,5
com.chess.clock,chanuga dewsika,good app,5
com.chess.clock,Sumit Jatal,useful practice chess save money using app purchase clock,5
com.chess.clock,SHUBHAM LOHANI,like app problem support new android virsion please give update fix,2
com.chess.clock,CrypticSavage 04,awesome,5
com.chess.clock,rai dust,option time make horizontal diplay like real chess clock,5
com.chess.clock,Gamer ?,works well,5
com.chess.clock,Somnath B,nice chessclock,5
com.chess.clock,Raymond Lumbangaol,good,5
com.chess.clock,Yashwanth Reddy,useful ad timer opinions,5
com.chess.clock,KK,bad,1
com.chess.clock,Larry Kosiba,imposes annoying three minutes lock programs galaxy a20 including puts lock screen press move order continue using app lock superceds settings set galaxy,1
com.chess.clock,Pruthviraj Ganvir,best app,5
com.chess.clock,Bisaso Angello,incredible,1
com.chess.clock,Luiz Costa de Moraes,reason ive got message chess clock app built older version android may work properly try checking updates contact developer playstore updated tried uninstall nothing changes,1
com.chess.clock,ben pateman,says tin,5
com.chess.clock,Anchal Maurya,nice play first time easy reliable perfect layout,5
com.chess.clock,Anton Savostin,digits fit screen app unusable,1
com.chess.clock,Alan Beredico,great,5
com.chess.clock,Ahmet Yiğitbaş,supported android twelve shame,1
com.chess.clock,Adarsh Bhardwaj,app great please update latest version,1
com.chess.clock,Aaditya Tailor,best timer,5
com.chess.clock,Mohammed Alsaady,really useful since want play chess dad like,5
com.chess.clock,chas mcguigan,,1
com.chess.clock,TROY GAYMING,good,5
com.chess.clock,Arinola Odunlami,helpful know youre rapid player,5
com.chess.clock,Prity Dey,best chess timer app mobile restriction step,5
com.chess.clock,J Michael,dope lose colleagues timed games,5
com.chess.clock,Abdul Samad,awesome,5
com.chess.clock,Manuel Astros,excelent simple usefull enjoy chess game,5
com.chess.clock,Mit Vinubhai,suparb love chess,5
com.chess.clock,Rajat Kumar,update karo noobs,1
com.chess.clock,Sunil,bakwas,1
com.chess.clock,Sunil Kumar,appreciated,5
com.chess.clock,David Reyes,r7 first time six,5
com.chess.clock,AX 50 Abuser,goot aep buut noo likee,5
com.chess.clock,TypeI,clock sometimes glitches settings buttons visible,4
com.chess.clock,mohamed Saghayer,dear sir possible add fide time systems chess tournaments,4
com.chess.clock,Paul DeCamp,didnt work,1
com.chess.clock,wolf tooth,wish better logo bit works,4
com.chess.clock,Melki Arong,perfectly made,5
com.chess.clock,Dimpho Mogoboya,best app ever always play chess friends thing clock friends taking long make move like two three minutes learn play fast wanted say app go viral many people download thank download app chess clock,5
com.chess.clock,Julio,works perfectly thank,5
com.chess.clock,Harsh Sharma,kindly update app eight years since last update,4
com.chess.clock,Vaisakh Nechikkuth,nice,5
com.chess.clock,hamid hashemi,great,5
com.chess.clock,kabita sutradhar,best chess clock app ever used,5
com.chess.clock,Heather Ladj,brother play use lot useful planning hanging playing chess friend,5
com.chess.clock,17. Kemal Alrafan Yuzham,suuuuuuuuuuuuuuuuuuuuuuuuuuuuuuuuuuuuuuuuuuuuuuuuuuuuuuuuuuuuu,5
com.chess.clock,Cruz Home,ive looking chess clock evan expecting,5
com.chess.clock,Misha Golub,exactly expect,5
com.chess.clock,yoones aouissi,simple useful,5
com.chess.clock,Phrog,simple great app although would like see feature set one time control one side different time control side,4
com.chess.clock,Kyle Carlson,pretty decent simple app lack customization options leaves little desired overall terrible great,3
com.chess.clock,neeraj verma,really excellent applove,5
com.chess.clock,Preet Patel,good,5
com.chess.clock,David Teh,whilst think useful im sort suggesting time odds white ten black 5mins etc,3
com.chess.clock,patras t,exactly useful ifi dont space bag clock board,5
com.chess.clock,Raafay Rakshi,nice tool,5
com.chess.clock,siva subramanian,good,5
com.chess.clock,Ganesh Y,nice,4
com.chess.clock,Aidan Miller,good chess clock,5
com.chess.clock,Nine,cant adjust font size numbers big please add resize feature atleast make responsive,1
com.chess.clock,Gunjan Thombre,noob,5
com.chess.clock,Forhad Miah,exactly whats supposed,5
com.chess.clock,Garren Smith,excellent chess clock app ever keep good work appreciate,5
com.chess.clock,ツフジ,norm,4
com.chess.clock,This is where the fun begins,great app minor nitpick though clock paddle switch sound doesnt work consistently,5
com.chess.clock,Jebu Youtubeaccount,gives time,5
com.chess.clock,Nitin Jain,like,5
com.chess.clock,Armani,chess clock works settings bit confusing trying set different times opponent couldnt figure,3
com.chess.clock,Slikha Ndlovu,great easy use,5
com.chess.clock,Sivalokesh,nice,5
com.chess.clock,Guri Gacaferi,gud,4
com.chess.clock,Mula Hutagaol,app easy use functional,5
com.chess.clock,GianMa,job well done,5
com.chess.clock,Mitan Gope,like real chess clock amazing mobile charge downed clock downed give five stars six thats okay,4
com.chess.clock,Michael Malone,use play jenga,4
com.chess.clock,Rudra pratap Singh Roll no 62,best app,4
com.chess.clock,fj,playing fisher one hundred five cannot reset change,2
com.chess.clock,Dhara Gunarathne,nice,5
com.chess.clock,Emily De Guzman,nice,5
com.chess.clock,Gcinikhaya Mgqobozi,working wellno cheating game keeps us focus,1
com.chess.clock,Sharad Pratap,please include increment certain move armageddon increment happens 60th move,3
com.chess.clock,Nikesh Raj Gopal (Nikesh Raj gopal),sab thik hai lekin time change krne par kaam nahi krta hai,3
com.chess.clock,Mark David Francisco,serves purpose plain simple,5
com.chess.clock,Ben Broadbent,great app problem keep losing,5
com.chess.clock,Daniel Carlos,finally play speed chess three stars,3
com.chess.clock,Jesse Pavano,works expected,5
com.chess.clock,JeRuss,good app time modes features normal clocks dont usually great tool would recommend everyone,5
com.chess.clock,Simon d,good app come please add possibility remove least tick sound ill set five stars,1
com.chess.clock,Loreto V. Mariano Jr. (BOYET),amazing apps,2
com.chess.clock,David skeanul,great,5
com.chess.clock,ABHINAV VC,best chess timer,5
com.chess.clock,Muritala Solebo,app perfect,5
com.chess.clock,John,works well,5
com.chess.clock,Harshil Vashi,good app,5
com.chess.clock,Moorthy Sai,nice play,5
com.chess.clock,Romael Rosalejos,good,5
com.chess.clock,camilo alcanzar,ok,5
com.chess.clock,seema vimalanathan,game chess timer nice,4
com.chess.clock,Joe Ginger,works,5
com.chess.clock,Murat Şark,delicious,5
com.chess.clock,Vivek Mahajan,best chess clock,5
com.chess.clock,kalaivani thirunavukkarasu,useful,5
com.chess.clock,Anil Dabhi,good,5
com.chess.clock,Aarth Vajandar,op,5
com.chess.clock,Clark W.,works great thank ads,5
com.chess.clock,Disco Duro Rober,funcina muy mal de forma aleatoria el tiempo va hacia delante en otras ocasiones hacia atras recomendable,1
com.chess.clock,jalluri somasatyakeerth,good,5
com.chess.clock,Sunil Das,must,5
com.chess.clock,alireza dourani,,5
com.chess.clock,Sridharan Ramanathan,good,5
com.chess.clock,Marc Evans,perfect,5
com.chess.clock,Devon Manska,sucks,1
com.chess.clock,Tharun Karthi,like app,5
com.chess.clock,yechuri ramakrishna rao,good,5
com.chess.clock,P. A.,app date gives warning msg compatible older version android may work version android android twelve,1
com.chess.clock,parsa aminpour,obvs coding app totally simple still problem went bullet game timer isnt good real timer actually relay bullet games,2
com.chess.clock,Oktama Forestian,cool,5
com.chess.clock,Takia Anderson,nice,3
com.chess.clock,Vincalin,fgh,5
com.chess.clock,Sean Ball,yeah,5
com.chess.clock,prashant bansod,awesome,5
com.chess.clock,natarajan swaminathan,aaryan looser looser,5
com.chess.clock,abhijit korade,user friendly,1
com.chess.clock,Benjamin Smithers,easy use used chess club highly recommend,5
com.chess.clock,Chandrasinh Sengra,fantastic,3
com.chess.clock,Sanjana Gupta,cool,5
com.chess.clock,Vishnu Lok,good,5
com.chess.clock,Joshua Rovinelli,works perfectly wo ads im fan,5
com.chess.clock,Ramesh Chandra Mahajan,nice clock,5
com.chess.clock,Dave Ebarle,ok,5
com.chess.clock,Dawood Sohail,please add timer time per move example ten seconds per move,3
com.chess.clock,hema sundhar,good,5
com.chess.clock,Pavneet Singh,works intended,5
com.chess.clock,upendra bonala,excellent,5
com.chess.clock,THe_AnsHuL,best app chess clock,5
com.chess.clock,suyash mehta,nice,5
com.chess.clock,Jonathan Endersby,using speed scrabble perfect,5
com.chess.clock,Pertsh Bojukyan,good,5
com.chess.clock,Aniket mahajan,best chess clock ever,5
com.chess.clock,Alexander Abelong,nice,5
com.chess.clock,YASHVARDHAN PANDEY,best bug free chess clock,5
com.chess.clock,Sanket,,5
com.chess.clock,Farshad Roshdi,seem must correct count moves start two one plz check,5
com.chess.clock,vijayalaxmi saddu,best chess clock,5
com.chess.clock,Srishanth Reddy,best app chess game,5
com.chess.clock,Karbianandlangneh Langneh,nice easy use,5
com.chess.clock,Devil Ideas,good gareebs,5
com.chess.clock,Pavan Pawara,smooth timer,5
com.chess.clock,AYASH SK,good app best chess timing,5
com.chess.clock,Spooky Skeleton,read name didnt well get,5
com.chess.clock,Nick P,clean functional,5
com.chess.clock,Vaibhav Shirke,customisation option manual time increment black white also,1
com.chess.clock,BOSA FAGALIO,interesting,5
com.chess.clock,Michael Morgan,perfect needing chess clock definitely works exactly plus theres ads extremely easy versatile,5
com.chess.clock,Reninton Jr,best one,5
com.chess.clock,TripleM,easy use unfortunately lock screen suppress samsung galaxy note nine,3
com.chess.clock,Abdelrahman Mohamed,good app confusing understand,3
com.chess.clock,I/YOU DONT KNOW WHO I AM,helpful,4
com.chess.clock,angel chiriboga,best gift given truly free app play speed chess smart phone smarter place freaking glass protector phone recommend gorilla proof kind,5
com.chess.clock,Sai Nihar Krishna,eightytwo good app,5
com.chess.clock,padma vathy,good chess clock,5
com.chess.clock,vasu mishra,op app,5
com.chess.clock,M Bansal,good,5
com.chess.clock,Angelis Fpv,great app simple effective,5
com.chess.clock,Farhang Dinashi,easy free thanks,4
com.chess.clock,Dulhan mehandi,good,5
com.chess.clock,Petr Průcha,perfect thats need,5
com.chess.clock,sangita kumari,best,5
com.chess.clock,Alexander Sidnev,doesnt work,1
com.chess.clock,Nikita Bajaj,good,5
com.chess.clock,Chad Dubanow,great timer,5
com.chess.clock,Stephano Rouhana,needs updated,1
com.chess.clock,Neha Choudhary,amazing,5
com.chess.clock,Miguel Domingos,good app ux amazing ui could bit better,4
com.chess.clock,яêzãül кαяιм sнïмûl,supperb,5
com.chess.clock,tthomas 382,wow try ct work,5
com.chess.clock,Nivesh A,good easy set clock understand mechanisim,5
com.chess.clock,Miles McCoy,great clock pinch set time controls really easily,5
com.chess.clock,Neon Null,says needs customization features especially amoled theme,4
com.chess.clock,Cobus Mostert,works well lichess better,4
com.chess.clock,Metodio Soares,solid easy customise times use play chessz fun,5
com.chess.clock,Halfkid,exceptional chess clock simple understandable reason rate four stars doesnt allow time odds playing armageddon giving inexperienced player time isnt possible otherwise perfect,4
com.chess.clock,James Simmons,thing missing ability reorder time controls make draggable edit menu,4
com.chess.clock,Shaswath S,nice app usefull playing chess whith family,5
com.chess.clock,KING JAY Gaming,minimalistict app,5
com.chess.clock,A Google user,dont like ticktock sound makes pressing clock changing turns annoying make pitch beep something addition cant set time independently player giving one side time better apps,1
com.chess.clock,Albert Einstein,,5
com.chess.clock,RANVEERS POANO,nice,4
com.chess.clock,Rishi Kumar Acharya,good chess clock,5
com.chess.clock,N. 007gaming,awesome,5
com.chess.clock,Prithvi Patil,good app ads also keep time,5
com.chess.clock,Sean Yusupov,dontno,5
com.chess.clock,Daniel Kalimina,smooth able nice easy use,5
com.chess.clock,Nthabisang Montshiwane,never gave trouble,5
com.chess.clock,Real DB,guys lets real app hasnt updated seven years,3
com.chess.clock,INSANE NINJA,please add feature add time player opponent plays wrong move stops time case longer fair game,4
com.chess.clock,Noah Yii,good,5
com.chess.clock,Karan Singh,good clock chess im using daily games useful definitely try dont enough money buy new chess clock,5
com.chess.clock,Somnath Mishra OP,helpful player loves chess,4
com.chess.clock,Jackson Byrne,doesnt work andriod,2
com.chess.clock,Godzilla 900,simple yet perfectly effective use case,5
com.chess.clock,IRISH_APEX 109,advertised exactly looking need chess clock best ive found,5
com.chess.clock,Dulal Borah,time issues tried custom added thirty minutes everything fine first 2nd 3rd click time side increases tried six seven times us got thirtyfive minutes random seconds please analyze properly get fixed thank,1
com.chess.clock,banothu mahendar,superb,5
com.chess.clock,Ronald Lau,finish sound,3
com.chess.clock,arifullah shaik,worst,1
com.chess.clock,George Romao,best,5
com.chess.clock,PRITHISH MAGESH,super,5
com.chess.clock,Nathan Bond,ok cant differnt times two clocks im higher rated dad needs time,3
com.chess.clock,cellaa,amazing one thousand ten,5
com.chess.clock,David Watson,job,5
com.chess.clock,حسام داودی‌نیا,gets job done needs major ui update,1
com.chess.clock,Eoghan Duffy,clock,5
com.chess.clock,Daniel Kushner,chess clock works well good customization thats really,5
com.chess.clock,Sue Zam,like,5
com.chess.clock,Krys Lorence Rosales,thank app contains ad dream real timer since dont one,5
com.chess.clock,Dan Lovmand,anything say app,5
com.chess.clock,El Moubarki Lassad,practical,5
com.chess.clock,L.A Jackdaw,takes around twentythree seconds start go move fast enough finish game without spending second,1
com.chess.clock,Bismilillah Shah,good chess clock,5
com.chess.clock,Lohith M,amazingit helps alot chess dont chess clock,5
com.chess.clock,Nayandev S,simple superb,5
com.chess.clock,Felix Zulu,good chess clock,4
com.chess.clock,Swati Rathod,make moves chess faster,5
com.chess.clock,guna shekar,simple elegant,5
com.chess.clock,Gamer AimoG,app good lacks one thing armagaddon chess timer one side 4mins 5mins cant set matter please fix,4
com.chess.clock,Rudra Sharma,could betterit give option set time manually,5
com.chess.clock,Jawaghar Sundaramurthy,good one,5
com.chess.clock,Dan Kubus,simple effective exactly chess clock work,5
com.chess.clock,Khondaker Hasan Naser,dont want tell anything great app playing chess,5
com.chess.clock,Conner Witten,great game campaign bit short,4
com.chess.clock,Colm Ó Muireagáin,needs updating doesnt work properly samsung android eleven one ui thirtyone,1
com.chess.clock,Praveen Devilking,super,5
com.chess.clock,Anuj Yadav,nice,5
com.chess.clock,Bum Sum,noice,5
com.chess.clock,Mahdi Esmaeili,set sort times,5
com.chess.clock,Aarya Amale,good,5
com.chess.clock,juhi karnik,nice,5
com.chess.clock,Larry Giroux,works advertised,5
com.chess.clock,Arnoud,clean app im missing option different time players asymmetric clock would change rating five stars,3
com.chess.clock,you 2ube,game shaking boots,5
com.chess.clock,D,perfect chess clock ads customisable make kind timer want simple use cant really think way improve honest,5
com.chess.clock,arsalan shaibani,need simple update dont,1
com.chess.clock,Arvin Adine,,5
com.chess.clock,Korlkunta Venkatasubbaiah,love,5
com.chess.clock,Suraj Bhatt,great,5
com.chess.clock,Shreyansh Gaurav,good,5
com.chess.clock,_ Praneeth,good play go bro,5
com.chess.clock,noel jaison,great chess clock,5
com.chess.clock,Dashing SJ,less options,2
com.chess.clock,Hamzah Abdullah,best clock chess everrrr,5
com.chess.clock,Leonard Kho,really nice would great separate increment settings stage also adding options armageddon would great,4
com.chess.clock,Science Rocky,want play ten min vs five min kind option,3
com.chess.clock,Aman Al-Kabbani,easy usesmall sizevery important professional chess player,5
com.chess.clock,Sameena Kagad,timer useful official chess clock whenever play chess player use chess clock useful fun,5
com.chess.clock,A Goraya,doesnt allow update cant change time settings,1
com.chess.clock,neeraj hackerX,better chess clock app fiftyfive,5
com.chess.clock,Bruce Willards,never used ill trust work,5
com.chess.clock,C C 9,poor needs update fullscreen doesnt work moto m8 lite hence always end missing touch button especially bullets adding feature adjust size buttons addressed would perfecf five,2
com.chess.clock,Masai Williams,excellent first time ive used digital chess clock tournament mode im using ive updated yet working properly recent version android released,4
com.chess.clock,Ferguson Banda,good,3
com.chess.clock,Alex Cowles,u,5
com.chess.clock,Divi' S,good,4
com.chess.clock,Reena Rana,game helpfull app chess please download game,5
com.chess.clock,Zereabruk Kinfe,cool app,5
com.chess.clock,Vijayalakshmi S,good,5
com.chess.clock,Siyambonga Telelo,perfect,5
com.chess.clock,Shreya,bestt,5
com.chess.clock,Madalitso Joshua Gumbo,perfect,5
com.chess.clock,Daniel Hatchman,gets job done custom clocks available,4
com.chess.clock,Mahdi Alizadeh,app meets needs good enough one thing playing chess listening musics headphone click sound app comes headphone thought maybe could code something changes seperates sound possible,5
com.chess.clock,Titus Muselepete,good,4
com.chess.clock,Mestram Anil,simply brilliant app,5
com.chess.clock,Sergei Kozlov,good timer,5
com.chess.clock,Karupp kulla Gaming,wast,1
com.chess.clock,Priti Yadav,nice,5
com.chess.clock,Ashish Rai,much usefull used play chess timer,5
com.chess.clock,Lasse Adriansen,chess timer really solid prefer layout others app store lack one feature think pretty key asymmetrical timers often play less experienced players like using asymmetrical timers make play balanced turn timers like magnus chess timer despite preferring one think great app hope theyll add features missing make perfect,4
com.chess.clock,Lingesh Sai,app doesnt contain display tone sound touch even settings works good timer chess clock game timer stats best app chess play timer please check review app thank,3
com.chess.clock,bellie roy,good chess clock went cant buy chess clock sad go playstore type chess clock results found app chess clock happy found chess clock,5
com.chess.clock,Vojtěch Tošovský,nice app missing option enable type sounds alarm warn player running short time,3
com.chess.clock,NotQuiteHadouken,oh yeah,5
com.chess.clock,Karl Edwards,pain behind apps far easier use,1
com.chess.clock,CheeseBall,clock,5
com.chess.clock,Francis Fil,clock need everywhere play chess,5
com.chess.clock,Niranjan K,good,5
com.chess.clock,Kevin Harrison,good audio reminder five mins would nice touch rules dont write moves five mins time left,4
com.chess.clock,Loki Shupe,count count could find,3
com.chess.clock,aden “aden1260” moua,like app way set see time stat,3
com.chess.clock,Nabyl Y (Ny9113),perfect chess timer,5
com.chess.clock,Christopher Rodier,useful simple,5
com.chess.clock,Nat Laga,aside chess use work cool timer,5
com.chess.clock,C J Singh,best chess clock ever seen,5
com.chess.clock,Anitha Reddy,nice,5
com.chess.clock,giverell loerd cortez isip,bad,3
com.chess.clock,Farel Dinata,waktunya mlah nmbah,1
com.chess.clock,balaraju damala,good better best,5
com.chess.clock,DoSombras,mean dose supost,5
com.chess.clock,Jagannath Rao Deshpande,everything perfect would suggest manual timing adjustment added,5
com.chess.clock,Henry Whipps,uses lots battery background,1
com.chess.clock,Raghunandan Deshpande,superb app,5
com.chess.clock,Shobha Prashant,caused mobile heat background,4
com.chess.clock,Mark Philip Aquino,add great,5
com.chess.clock,Shayan Ehsan,good timer like real life play friends family offline mode face face,5
com.chess.clock,George Papaioannou,lacks features needs customisable options colours sounds fonts etc,3
com.chess.clock,Sarthak Malhotra (Laddu),dont know use javascript please dont use wasting time effort app satisfied opponents time go click,1
com.chess.clock,T Popkin,doesnt want simple substitute real chess clock choose two different start times,1
com.chess.clock,olinoi z,good option add decrease time game,4
com.chess.clock,md. osiullah,good,5
com.chess.clock,Ishan Guzraty,great simple ads custom setup needed problems whatsoever,5
com.chess.clock,some random guy on the internet,good supposed,5
com.chess.clock,LengthySlayz,everything want wish could give different players different times fun challenges,5
com.chess.clock,Aslam Informative,best chess,5
com.chess.clock,Bloody Bao,perfect,5
com.chess.clock,Atharv Jaju,perfect,5
com.chess.clock,Paras Mehta,awesome app manual adjustment clock available example one player needs five minutes another needs ten minutes possible app,4
com.chess.clock,KELVIN KOZA,good,5
com.chess.clock,Rafea Parker,tik tok,5
com.chess.clock,Deepa Aswal,knowing app purchased two thousand rupees chess clock thats waste still cuz trips play chess home play two thousand rupees one chess clock lets come back rewiew gonna bore readers notice point simple wonderful app simple wonderful less size even less one mb lol go thanx,5
com.chess.clock,Tadap singh,noice,5
com.chess.clock,Jeremy Britten,installing theres warning made older version confirmed doesnt work galaxy ten,1
com.chess.clock,Wandile Hector,everything perfect,5
com.chess.clock,Ryan Edinger,versatile change settings many different ways,5
com.chess.clock,Jorge paret,good,5
com.chess.clock,SAGAR JOHN,working fine best app chess players,4
com.chess.clock,Farid Ismayilov,great,5
com.chess.clock,GirishSandeepraju Vegu,good app,4
com.chess.clock,Hari Shankar,amazing,5
com.chess.clock,Muhammet Dursun Gökoğlan,dude chess clock u expect,5
com.chess.clock,Worth Fix TV,simple useful good official chess game thank,5
com.chess.clock,Om Kshirsagar,wonderful app chess players,5
com.chess.clock,Jak Raden,works great,5
com.chess.clock,Roselyn Gil,fantastic,5
com.chess.clock,Kali jD,nice following good one,5
com.chess.clock,Psychopath Crypto,good dont use much,4
com.chess.clock,Utkarsh Kumar,great app want ask change background colour clock black colour looks dull plz reply thanks,4
com.chess.clock,Julien,set volume app android version old easy configure clocks,3
com.chess.clock,Shahzad Khan,time timer reset,1
com.chess.clock,Jayvee Villa,easy use,5
com.chess.clock,Masuk 7777,great,5
com.chess.clock,Shreyas Shreyas,fantastic,5
com.chess.clock,Device Apps,best clean professional chess clock app without sort annoying ads popups thanks,5
com.chess.clock,arnav kocheta,izz gay,1
com.chess.clock,James Bates,terms modes confusing casual player,4
com.chess.clock,Dilly oz,able set time,4
com.chess.clock,David Smith,would nice show tone remaining delay,4
com.chess.clock,zoe,add good app,5
com.chess.clock,John Ysmael Batoy,good,5
com.chess.clock,Bharat Patel,touch react immediately good touch response looks also good,5
com.chess.clock,Gilbert Kangwa (Watch & Learn),best far,5
com.chess.clock,Swastik Basu,sound clock pleasant less space consuming app like thank chess com creating wonderful app,5
com.chess.clock,Glynn Michael Ferareza,excellent app,5
com.chess.clock,Aqhil Bilkhair,chess,5
com.chess.clock,Silver Virio,could better,4
com.chess.clock,Andy MacKellar,simple great app thank,5
com.chess.clock,Anurag Mishra,nice clock,5
com.chess.clock,John Monaghan,sound inconsistent sometimes press clock theres audible click,2
com.chess.clock,Edgar Alberto Contreras Castro,funciona bien es tiempo real,1
com.chess.clock,Bruno Domingos,perfect,5
com.chess.clock,Sergio Pomodoro,perfect add simple set use board games like santorini set game 130minutes reset bronstein one hundred thirty allow player move time one hundred thirty minutes reset automatically would better color timer could switch orange red player finished time best would get blink also time close definable limit examwhen time seven start blinking zero,5
com.chess.clock,WarriorEth0s,outdated app lacks several time formats last updated two thousand fourteen according description,1
com.chess.clock,Musab Fayad,nice,5
com.chess.clock,THE XOC,counterintuitive het really useful,5
com.chess.clock,Luke Scimeca,great app like everything wish others mentioned could set handicapped time controls set manually able save handicapped control would super convenient,5
com.chess.clock,Albert Villavicente,great application,5
com.chess.clock,Phronesis Excellent,awesome,5
com.chess.clock,Jason Culligan,button sound like real modern timer would icing cake,5
com.chess.clock,Sam McLeod,simple yet efficient glad doesnt bombard ads use without hassle definitely best version use,5
com.chess.clock,Arctic Blade,good last updated two thousand fourteen,4
com.chess.clock,DJ GAMING,cool app,5
com.chess.clock,Calin Bedea,would recommend,5
com.chess.clock,Amesh sourov,excellent,5
com.chess.clock,Omkar Khurana,wanted,5
com.chess.clock,Peter Landvall,really good app,5
com.chess.clock,Gunjan Shah,worst,1
com.chess.clock,Anthony Udoka,beautiful,5
com.chess.clock,Ekke Sten,clock resets two seconds time started every time switch turns,1
com.chess.clock,Nidhal Anis Bouzara,ads simple use perfect,5
com.chess.clock,Kasun Rathnayake,use full,5
com.chess.clock,Swayam Ranjan Padhy,best time app ever,5
com.chess.clock,Oliver Andre,awesome,5
com.chess.clock,Was Sup,ok,3
com.chess.clock,Alice Horton,excellent every use,5
com.chess.clock,Baqra,sound bugged,4
com.chess.clock,omar abdelhalim,like much chess timer chess love application thank,5
com.chess.clock,Njoku Eze Kelvin,thinking would app use playing chessboard thought fault launched turned make changes timing options perfect check,4
com.chess.clock,Ali Namdari,best ever,5
com.chess.clock,Justin Macauley (macaulj),nice tool highly recommend phone play otb,5
com.chess.clock,Siddhant Satao,best chess clock,5
com.chess.clock,Aj Jahir,great,5
com.chess.clock,Edzus Viksna,count,1
com.chess.clock,Jorge Siles,good,5
com.chess.clock,Swastik Mukherjee,good,5
com.chess.clock,Familia Vazquez Nunez,please show delay increment separate counterclock,5
com.chess.clock,Vivek kumar,nice different background colours,5
com.chess.clock,Aynabat Meredowa,satran seviyorum ok iyi,5
com.chess.clock,gustavo aguilera,pretty selfexplanatory supposed five stars,5
com.chess.clock,B Bartos,app great able set timer allows player eg twenty sec per turn without game time limit im using chess,5
com.chess.clock,Alejandro Jarovisky,ads inapp purchases additional permissions works,5
com.chess.clock,Archana Jaiswal,good appit helps lot saving money,5
com.chess.clock,Mark Thomas,real clock broke ready play within seconds found app quickly easy use,5
com.chess.clock,Cortana X,amazing,5
com.chess.clock,PLAYSTORE Points,wow like one tournament 5stars,5
com.chess.clock,Michael Thiemann,awesome thank,5
com.chess.clock,Farhang Siyan,first best chess timers,5
com.chess.clock,Mallikarjuna Halakeri,super,3
com.chess.clock,Karthick,update,3
com.chess.clock,philip mccullick,easy use timer,5
com.chess.clock,Meghana Bhosale,wow,5
com.chess.clock,Upohar2me Bangladesh,awesome soft,5
com.chess.clock,Lanie Gutas,love thus app,5
com.chess.clock,Dr Simeon Hill,must real chess players app absolutely amazing adds true contest speed chess way play points win games win time win,5
com.chess.clock,Bradley H,way change size huge font making difficult read much time left,1
com.chess.clock,Namita Surlikar,nice app,5
com.chess.clock,ryan alconcel,great,5
com.chess.clock,Ticher Sacbé,cool idea buggy playing 10min time adds one thousand five hundred twenty seconds turn stead pausing,3
com.chess.clock,Miles Crawford,add byo yomi five stars,4
com.chess.clock,Albanik Mehmeti,works intended,5
com.chess.clock,Atticus Helvig,exactly says,5
com.chess.clock,geian eyac,cant change like want resign,1
com.chess.clock,Phil udoh,great last used,4
com.chess.clock,no gabs,love app app great theres bug entered one modes couldnt get mode delete redownload app,4
com.chess.clock,Wesley Abbey,exactly needed,5
com.chess.clock,Billy Te,good simple chess timer doesnt seem way handicaps,3
com.chess.clock,Electric Game Dealer,good,5
com.chess.clock,Silvio Cesar,nice,5
com.chess.clock,Jozef Belko,user friendly easy use also easy create custom clocks perfect app,5
com.chess.clock,banda ebenezar,good app,5
com.chess.clock,h20no7,gud gem,5
com.chess.clock,Felix Odendahl,good timer free,4
com.chess.clock,Francois Pieterse,perfect nothing annoying,5
com.chess.clock,Andrew Bounds,exactly expect chess clock works great,5
com.chess.clock,Ethan Boyd,hoping would app far best one sit phone parallel chess board best thanksgiving playing niece satisfying entire ritual seeing clock start making move starting timer opponent colors great countless timing options completely customizable ones rapid chest teaching audible click smooth response satisfying five,5
com.chess.clock,Hari Anand,cant set different times player,4
com.chess.clock,Ben Harrington,exactly says tin ticket anyone looking lightweight easy use digital timer game,5
com.chess.clock,Jeff Arnold,updates six years almost certainly abandoned project completely free requires zero permissions runs android eleven works well dont look gift horse mouth highly recommended,5
com.chess.clock,G Ganesh,good,5
com.chess.clock,Dimitrije Atanasković,app ok pretty good dont options use able,4
com.chess.clock,Mahesh Reddy.v,yes dest,5
com.chess.clock,noah's tv,love one know time left,5
com.chess.clock,SACHIN JETHVA,good great,5
com.chess.clock,Yhangba Mutum,best app ever forever chess players,5
com.chess.clock,Ram Nallamalli,good lot improved case varying timealso make explanatory video instructions better understanding app usage suggest new tips better usage chess beginnersoverall app needed improved lot,3
com.chess.clock,Harsha P,super time clock,5
com.chess.clock,Luke Thow,works,5
com.chess.clock,Asish Bauri,awesome app,5
com.chess.clock,Jireh Libag,nice clock brother like budget buy chess clock app free lag smooth graphics,5
com.chess.clock,Poonam Devi,fabulas,5
com.chess.clock,Abinash Chaudhary,good chess clock space touching,2
com.chess.clock,Keagan Ellenberger,screen super dark even though screen full brightness needs fixed,2
com.chess.clock,Salman Akhtar,everything one expects would also love handicap sort feature play time odds,4
com.chess.clock,GOLDEN KING Gaming,best chess clock app download play chess make timer rules settings necessary features dont buy physical chess clock,5
com.chess.clock,Alex moreno diaz,good works fine put four stars cannot put time advantage,4
com.chess.clock,Oleg Dyachenko,dont like app,1
com.chess.clock,Shiva Kumar,best app chess timer,5
com.chess.clock,Madhusudan Majumder,awesome app highly recommend chess players,5
com.chess.clock,Sanjeev Kumar,really amazing application chess lover,5
com.chess.clock,N.A.S.Shobuj Khan,good app,5
com.chess.clock,Asif Dipu,great appand easy usethank u creator hard work gotten big opportunity dreamless asif dipu bangladesh tangail,5
com.chess.clock,Ruttala Prakash,worst app giving money download,1
com.chess.clock,Dailyhood Clips,nice app,5
com.chess.clock,Joey Cape,good app better option handicap players time,5
com.chess.clock,SREANSH SINGHAL,amazing,5
com.chess.clock,Manisha Shevade,ok ok app,4
com.chess.clock,Debajit Datta,great,5
com.chess.clock,Danica Menghani,useful perfect chess time even change names modes,5
com.chess.clock,Vrushali Ajamane,good,5
com.chess.clock,thabo Stephen,great chess clock done great job,5
com.chess.clock,manav yagnik,damn awsome,5
com.chess.clock,Alex Lowe,simple effective app create sort custom timer want pretty nice one thousand ten,5
com.chess.clock,Abdallah musleh,options included,3
com.chess.clock,Ganesh scientist,good app chess timing,5
com.chess.clock,balram suthar,amazing experience,5
com.chess.clock,mohammed mansoor,excellent chess clock app love,5
com.chess.clock,Samarth Thukral,best comments,5
com.chess.clock,Andrej Adamenko,time fit screen controls became unavailable custom game setting,1
com.chess.clock,Dhruv Singh,good,5
com.chess.clock,Avuti Ravi Kumar,good,4
com.chess.clock,Sangita Verma,super,5
com.chess.clock,Cohen Erasmus,amazing game,5
com.chess.clock,Mangesh Ghorpade,bad,1
com.chess.clock,Vansh Chaudhary,working properly,1
com.chess.clock,sanjay pai,nice app,5
com.chess.clock,Hardik Monga,good,3
com.chess.clock,Rupesh Gamer,developer u saved money thank,5
com.chess.clock,Arjun Single boy,super,5
com.chess.clock,Matthew Schmidtke,would give five stars four player speed chess like two individual timers one phone really hope feature comes game would change five stars gets added,2
com.chess.clock,Iain Chalmers,simple effective,5
com.chess.clock,Ghislain TCHIEUDJIO,excellent,5
com.chess.clock,Saeed Zare,hi chess clock app touch time hold time change opponent please fix problem thanks,4
com.chess.clock,M A N A V,easy use,5
com.chess.clock,Rajkumar Sharma,good clock,5
com.chess.clock,Joan June,clock types consider bronstein time,1
com.chess.clock,Danial Iqmal,nicee,5
com.chess.clock,Vignesh Vikky,love,5
com.chess.clock,Harsh Yadav,unique app among us useful,5
com.chess.clock,Pritam Paul's,absolutely fantastic app really wanna purchase chess timer saved money seriously cool app chess lovers thank much developers amazing app im really greater loved app highly recommended chess players,5
com.chess.clock,Himanshi Rastogi,bad app,1
com.chess.clock,Cory Barton,gets job done,5
com.chess.clock,Krishna Mandal,good,4
com.chess.clock,kasapo jackson,nice app,5
com.chess.clock,Leong Ming Hao,good,5
com.chess.clock,Exploring with Aadhithya,nice,5
com.chess.clock,Jared Crowley,extremely high background processor battery usage cannot fathom timer would need much either curious else running within app,1
com.chess.clock,Mohamad Azhar,viable convince,5
com.chess.clock,Luc MJ,good app works great,5
com.chess.clock,Nayna Savla,best app,5
com.chess.clock,pragya gupta,useful,5
com.chess.clock,Shallu Goyal,good,5
com.chess.clock,Panagiotis Psentelis,ios version much features,2
com.chess.clock,Rick Majumder,brilliant app thanks,5
com.chess.clock,Soomra Games Official,nice app,5
com.chess.clock,Mike Bomi,easy use got ads perfect,5
com.chess.clock,Kayamba 800,good,4
com.chess.clock,Uma Reddy,coming half,1
com.chess.clock,Aindrila Chakraborty,worst,1
com.chess.clock,فهد الباهلي,amazing app,5
com.chess.clock,katangwa katongo,perfect,5
com.chess.clock,king king,,5
com.chess.clock,Aiden Durham,chess clock even though using chess turns fun games like jenga dominos,5
com.chess.clock,Dr Gopal Jahagirdar,fifteen min blitz unavailable,3
com.chess.clock,Praveen Dewangan,best watch ever seen,5
com.chess.clock,Manoj Mahadeshwar,nice,5
com.chess.clock,RINKU YADAV,really good app,5
com.chess.clock,geeta katiyar,good good thanks developer,5
com.chess.clock,karan Kakkar,nice,5
com.chess.clock,Kiran Jadhav,nice,5
com.chess.clock,Signe Jørgensen,works,4
com.chess.clock,Jeetesh gandhi,bekar,1
com.chess.clock,Ramandeep Singh Bhatia,great app,5
com.chess.clock,Achyuth M,super,5
com.chess.clock,Nathan Durling,minimal says,5
com.chess.clock,Hitkarsh Yadav,really useful also work properly,4
com.chess.clock,Nibedita Kundu,good,5
com.chess.clock,Alan Skiffington,favorite,5
com.chess.clock,ĐÊÊPÂK SÂHÛ,good,5
com.chess.clock,gulam mohammad,fun usebut dont know much timingof chess worldand app doesnt tell either,3
com.chess.clock,WESKID ##,best chess clock ever,5
com.chess.clock,lomina78,works intended satisfied,5
com.chess.clock,Hanok,good,5
com.chess.clock,loL Willo2ty Lol,create presets set time type timer pause reset timer time tap opponents side start tap orange block youve finished go everything need chess timer ads whatsoever,5
com.chess.clock,kushagra pratap singh jadoun,best app chess playing another best part customise time according,5
com.chess.clock,Lubuto Mumba,great accurate,5
com.chess.clock,Shoaib,good,5
com.chess.clock,Rajnish Koushal,awesome chess clock,5
com.chess.clock,Rinku Gaonkhowa,well done,5
com.chess.clock,Bibibon Me'cheng Sangma,good,5
com.chess.clock,Chilufya Chanda,great app,5
com.chess.clock,Paul Cusmir,prefenntciune andruchitpa buna aplikate ftate brevo,2
com.chess.clock,Shubhankar Gokhale,great app,5
com.chess.clock,Kusum Mishra,love,5
com.chess.clock,Davi Krisnawan,please make pause setting button holdtoactivate oldmen accidentally clicked button,4
com.chess.clock,ZeeShan,good design,5
com.chess.clock,Sendo Mendo,please add seconds tik sound last x number seconds,4
com.chess.clock,sudesh jaidka,nice good,5
com.chess.clock,pradip dasgupta,goooooood,5
com.chess.clock,TREB'S ADVENTURE,amazing fantastic,5
com.chess.clock,Mwape Mwewa,best best,5
com.chess.clock,Tinku Bhati,best thing ads,5
com.chess.clock,عبدالله رسلان,fantastic,4
com.chess.clock,malxx125,works great,5
com.chess.clock,David Valdivieso (KernellPanic),works perfectly android ten simple ads upgrade notifications keeps display going idle would add sound options,5
com.chess.clock,Lalit Kumar,cool app,5
com.chess.clock,mawizy zee,nice,5
com.chess.clock,parvathy,ads,5
com.chess.clock,All Rounders,looks like te real chess clock,5
com.chess.clock,C P SURESH BABU,ok,3
com.chess.clock,A Google user,really liked,5
com.chess.clock,Mukund insaan,good game,5
com.chess.clock,Stence Solochi,awesome app,5
com.chess.clock,XG- -000,dose,5
com.chess.clock,Shekinah Grace Siat,nice,5
com.chess.clock,online gamer,maganda,5
com.chess.clock,Jagga* jasoos*,nice,5
com.chess.clock,Sumitha Shridhar Gopalan,useful nice app,5
com.chess.clock,Anita Chavan,super chess clock,5
com.chess.clock,Divyank Rathod,nice,5
com.chess.clock,Michael Bruno,good,5
com.chess.clock,Anthony Basile,works fine,5
com.chess.clock,D L,supposed requests zero permissions perfect,5
com.chess.clock,Adarsh,best,5
com.chess.clock,Rohith,useful saves money instead using original clock,4
com.chess.clock,Mukesh Sharma,best chess lock app user friendly,5
com.chess.clock,Fahime Alizade,great,5
com.chess.clock,Shrikant Bawner,,1
com.chess.clock,S V,easy use,4
com.chess.clock,Lamb Sauce,works well perfect app fellow chess players use dont chess timer overall much convenient regular chess timer,5
com.chess.clock,Diabetic Daniel,supposed makes friendly games chess little thrilling,4
com.chess.clock,Youssef Mohamed (Youssef Mohamed_SFIS),trash,1
com.chess.clock,Gistine Paul Co,usefull even home use,5
com.chess.clock,Ahmed Mohamed,job,5
com.chess.clock,Daniel Lopes,good useful application,4
com.chess.clock,Wrestle Watcher,nice,5
com.chess.clock,Ram Tej,owsom,4
com.chess.clock,Onyekachi Emmanuel,nice,5
com.chess.clock,Mithun V R,best,5
com.chess.clock,Ubueme Sunday,good,1
com.chess.clock,Greatz Leaderz,recommended yet bit lack customization,4
com.chess.clock,Mithu Das,good,5
com.chess.clock,Mohamed Ahmed Fouad,good,5
com.chess.clock,Chethan M,best,5
com.chess.clock,Roztingame,hutton,1
com.chess.clock,Shobha Rawat,nice effective,5
com.chess.clock,A Google user,clock,3
com.chess.clock,A Google user,good,5
com.chess.clock,A Google user,like,5
com.chess.clock,A Google user,good,5
com.chess.clock,A Google user,nice app chess player short storage,5
com.chess.clock,A Google user,best app small storage one thing cant set asymmetric time,4
com.chess.clock,A Google user,perfectly wanted,5
com.chess.clock,A Google user,good,5
com.chess.clock,A Google user,ok,4
com.chess.clock,A Google user,setting different time increments player one player two doesnt work properly changes player ones time increment,2
com.chess.clock,A Google user,usefull app great,4
com.chess.clock,A Google user,good app,4
com.chess.clock,A Google user,amazing appi likedcthrvapp much notvthink thatvi could get app freeit responsive editable,5
com.chess.clock,A Google user,classic,1
com.chess.clock,A Google user,date newest phones,1
com.chess.clock,A Google user,best application,5
com.chess.clock,A Google user,supper,5
com.chess.clock,A Google user,suggest handicap clock option,4
com.chess.clock,A Google user,useful,5
com.chess.clock,A Google user,amazing love app helpful chess games thank developer,5
com.chess.clock,A Google user,worst,1
com.chess.clock,A Google user,nice,4
com.chess.clock,A Google user,nice,5
com.chess.clock,A Google user,new room house,5
com.chess.clock,A Google user,job,5
com.chess.clock,A Google user,best chess clock,5
com.chess.clock,A Google user,set different time two players ios possible,3
com.chess.clock,A Google user,easy use compelete app,5
com.chess.clock,A Google user,excelent,5
com.chess.clock,A Google user,application error,1
com.chess.clock,A Google user,super,1
com.chess.clock,A Google user,good app,4
com.chess.clock,A Google user,nice,5
com.chess.clock,A Google user,superb,5
com.chess.clock,A Google user,ok,5
com.chess.clock,A Google user,sometimes working,4
com.chess.clock,A Google user,take easy,4
com.chess.clock,A Google user,cd,2
com.chess.clock,A Google user,nice clock chess,5
com.chess.clock,A Google user,give guide,1
com.chess.clock,A Google user,nice timing app playing chess,5
com.chess.clock,A Google user,super,5
com.chess.clock,A Google user,good,5
com.chess.clock,A Google user,brilliant application useful thanks making app,5
com.chess.clock,A Google user,nice,5
com.chess.clock,A Google user,cant use stuck,1
com.chess.clock,A Google user,bad fullscreen boton,1
com.chess.clock,A Google user,says simple easy use chess clock,5
com.chess.clock,A Google user,worst app ever wonder cant give one star request please dont download worst app,1
com.chess.clock,A Google user,one best android apps chess clock,5
com.chess.clock,A Google user,nice tool indeed really like,5
com.chess.clock,A Google user,perfect,5
com.chess.clock,A Google user,really helpful rapid chess players,5
com.chess.clock,A Google user,nice easy use makes chess game interesting suggest use,5
com.chess.clock,A Google user,good app makes sound chess clock lot editing thing bad nothing bad,5
com.chess.clock,A Google user,better clock chess,5
com.chess.clock,A Google user,helpful simple functional,5
com.chess.clock,A Google user,useful,5
com.chess.clock,A Google user,good,5
com.chess.clock,A Google user,magnificent,5
com.chess.clock,A Google user,good timer,5
com.chess.clock,A Google user,customizations everything else worked well,5
com.chess.clock,A Google user,everything need,5
com.chess.clock,A Google user,lalu,1
com.chess.clock,A Google user,good,5
com.chess.clock,A Google user,great,5
com.chess.clock,A Google user,chess timer sucks brother reach opposite side phone sitting devs flipped timer upside,1
com.chess.clock,A Google user,,4
com.chess.clock,A Google user,nice option auser friendly,5
com.chess.clock,A Google user,good,5
com.chess.clock,A Google user,good,5
com.chess.clock,A Google user,useful app,5
com.chess.clock,A Google user,fantastic want want problem cant asymmetric times player would give five stars functionality,4
com.chess.clock,A Google user,w much small think device f fcc details help information received message first review rest still future kishore kumar saw review rest still review first time rest emerald oil ipo lottery program countries wo milte hai kya z ultra modem driver kya hua review rest hosting w,5
com.chess.clock,A Google user,simple convenient,5
com.chess.clock,A Google user,bad,1
com.chess.clock,A Google user,time options,4
com.chess.clock,A Google user,perfect app problem touch time hold time change opponent still run however soon touch time change please fix issue thanks,4
com.chess.clock,A Google user,good,5
com.chess.clock,A Google user,bad app gets stuck often times options also less regular look whole thing,1
com.chess.clock,A Google user,best app yaar provides exactly accept,5
com.chess.clock,A Google user,nice,4
com.chess.clock,A Google user,really good chess clock,5
com.chess.clock,A Google user,nice app,5
com.chess.clock,A Google user,thanks app,5
com.chess.clock,A Google user,excellent,5
com.chess.clock,A Google user,perfect intended,5
com.chess.clock,A Google user,best app chess timer,5
com.chess.clock,A Google user,make new updates app opened app says check updates,5
com.chess.clock,A Google user,says,5
com.chess.clock,A Google user,nice,5
com.chess.clock,A Google user,exceptional,5
com.chess.clock,A Google user,best clock,5
com.chess.clock,A Google user,improve touch plz add features overall great app,4
com.chess.clock,A Google user,helped,5
com.chess.clock,A Google user,professional chess clock tournament players,5
com.chess.clock,A Google user,cleanest elegant app history adverts deserves highest possible rating,5
com.chess.clock,A Google user,good,5
com.chess.clock,A Google user,simple great wish beep sound ten five seconds,5
com.chess.clock,A Google user,app amazing,1
com.chess.clock,A Google user,best buying clock,5
com.chess.clock,A Google user,b r u h,5
com.chess.clock,A Google user,nice app,5
com.chess.clock,A Google user,good,5
com.chess.clock,A Google user,thank emplimenting adds,5
com.chess.clock,A Google user,suuuuuperrrrrr,1
com.chess.clock,A Google user,el timer empieza al tocar,1
com.chess.clock,A Google user,nice,5
com.chess.clock,A Google user,realistic chess clock,5
com.chess.clock,A Google user,useful,5
com.chess.clock,A Google user,works good,5
com.chess.clock,A Google user,good clock everything clock,5
com.chess.clock,A Google user,best,5
com.chess.clock,A Google user,good chess clock incredible bhaisahab,5
com.chess.clock,A Google user,jst wanted,5
com.chess.clock,A Google user,good app customisable time functions along features adding increment quite practical think best chess clock app,5
com.chess.clock,A Google user,one best chess clock two u spy chat site zero star five star u stop chat spy,1
com.chess.clock,A Google user,wonderful,5
com.chess.clock,A Google user,chess intresting gameso like app,5
com.chess.clock,A Google user,thank,3
com.chess.clock,A Google user,usefull app,5
com.chess.clock,A Google user,great,5
com.chess.clock,A Google user,best chess clock go,5
com.chess.clock,A Google user,settings,1
com.chess.clock,A Google user,reliable blitz lightning et cetera,5
com.chess.clock,A Google user,good stuff,5
com.chess.clock,A Google user,add feature count moves,4
com.chess.clock,A Google user,good dont need allow permissions simple easy use,5
com.chess.clock,A Google user,like app,5
com.chess.clock,A Google user,nice,5
com.chess.clock,A Google user,says well whats high background battery use,4
com.chess.clock,A Google user,well could say timer good well built,5
com.chess.clock,A Google user,love,5
com.chess.clock,A Google user,satisfying,5
com.chess.clock,A Google user,worst clock apps lacks free set desired time,1
com.chess.clock,A Google user,nice,5
com.chess.clock,A Google user,verry verry good,5
com.chess.clock,A Google user,excellent,5
com.chess.clock,A Google user,exellent,5
com.chess.clock,A Google user,theres weird bug spam tap clock supposed countdown instead added seconds min developers please fix issue happened challenged friend speed chess counted unfair,1
com.chess.clock,A Google user,oh yyyes,5
com.chess.clock,A Google user,best chess clock love diffirent time amd deduct time player,5
com.chess.clock,A Google user,useful,5
com.chess.clock,A Google user,nice play,4
com.chess.clock,A Google user,works well make custom timers increment,5
com.chess.clock,A Google user,ok,5
com.chess.clock,A Google user,panget putang ina ng app na ito,1
com.chess.clock,A Google user,good,5
com.chess.clock,A Google user,nice cant reduce time set,4
com.chess.clock,A Google user,nice simple,5
com.chess.clock,A Google user,best,5
com.chess.clock,A Google user,useful,5
com.chess.clock,A Google user,revolving,5
com.chess.clock,A Google user,chess clock thats want go else,5
com.chess.clock,A Google user,nice,5
com.chess.clock,A Google user,great,5
com.chess.clock,A Google user,mast mast best app,5
com.chess.clock,A Google user,useful,5
com.chess.clock,A Google user,dont need buy real chess clock guy awesome,5
com.chess.clock,A Google user,bullet twelve adding time delay,3
com.chess.clock,A Google user,like clock,5
com.chess.clock,A Google user,god,5
com.chess.clock,A Google user,needful game remembers time thanks,5
com.chess.clock,A Google user,awesome app,5
com.chess.clock,A Google user,great app,5
com.chess.clock,A Google user,good great excellent,5
com.chess.clock,A Google user,best,5
com.chess.clock,A Google user,okay,5
com.chess.clock,A Google user,interesting useful,5
com.chess.clock,A Google user,lite app,5
com.chess.clock,A Google user,awsome,5
com.chess.clock,A Google user,nice nice nice,5
com.chess.clock,A Google user,nice,5
com.chess.clock,A Google user,nice apphelps playing speed chess settings nice,5
com.chess.clock,A Google user,enough doesnt require permissions,5
com.chess.clock,A Google user,nice,4
com.chess.clock,A Google user,helpfull also im bit faster comes moving,5
com.chess.clock,A Google user,think u must fix stage time single time control major fide events ninety minutes first forty moves followed thirty minutes rest game addition thirty seconds per move starting move one problem app forty moves 1hr30min90min changing 30minutes instead add 30minutes previous time dont think worked way please fix,3
com.chess.clock,A Google user,emc2,1
com.chess.clock,A Google user,nice,5
com.chess.clock,A Google user,good,5
com.chess.clock,A Google user,exilence,5
com.chess.clock,A Google user,kkk,4
com.chess.clock,A Google user,exlent easy use,4
com.chess.clock,A Google user,good app help improvement speed chess make timer per need,5
com.chess.clock,A Google user,,1
com.chess.clock,A Google user,useful,4
com.chess.clock,A Google user,helpful,5
com.chess.clock,A Google user,good,5
com.chess.clock,A Google user,like,5
com.chess.clock,A Google user,great chess clock,5
com.chess.clock,A Google user,best,5
com.chess.clock,A Google user,good,5
com.chess.clock,A Google user,good,5
com.chess.clock,A Google user,awesome,5
com.chess.clock,A Google user,would five stars completely functional though drains battery extraordinarily quickly,4
com.chess.clock,A Google user,great one,5
com.chess.clock,A Google user,good sometimes malfunction like showing pause reset setting button,4
com.chess.clock,A Google user,best app,5
com.chess.clock,A Google user,cant complain nice features good representation real chess clock timer,5
com.chess.clock,A Google user,doubt best,5
com.chess.clock,A Google user,love play chess timer like timer lot,5
com.chess.clock,A Google user,improvements needed,2
com.chess.clock,A Google user,helps leading time chess,2
com.chess.clock,A Google user,giving four star,4
com.chess.clock,A Google user,app wast worst everybody download app deleted app apps worst app,1
com.chess.clock,A Google user,east west app best lf dont app installed device probably chess fan interest chess app,5
com.chess.clock,A Google user,cool,4
com.chess.clock,A Google user,little buggy,3
com.chess.clock,A Google user,nice,5
com.chess.clock,A Google user,thats cool,5
com.chess.clock,A Google user,nice,5
com.chess.clock,A Google user,deserving,5
com.chess.clock,A Google user,app kind good adds couple seconds tap change please change appreciate lot,4
com.chess.clock,A Google user,,5
com.chess.clock,A Google user,best app sawed,5
com.chess.clock,A Google user,nice app play chess,5
com.chess.clock,A Google user,required functionalities except mode time decreases opponent get increment mot required mode usually,5
com.chess.clock,A Google user,good use supet relly enjoy,3
com.chess.clock,A Google user,good,5
com.chess.clock,A Google user,good,5
com.chess.clock,A Google user,everything,5
com.chess.clock,A Google user,app works key functionality would make way better ie ability set time odds opponents,4
com.chess.clock,A Google user,nice,5
com.chess.clock,A Google user,good,5
com.chess.clock,A Google user,good stuff guys app ads,5
com.chess.clock,A Google user,nice,5
com.chess.clock,A Google user,nyc,5
com.chess.clock,A Google user,nice,5
com.chess.clock,A Google user,easy handy fast amazing app,5
com.chess.clock,A Google user,amazing,5
com.chess.clock,A Google user,good,5
com.chess.clock,A Google user,good,5
com.chess.clock,A Google user,nice app,4
com.chess.clock,A Google user,wonderful,5
com.chess.clock,A Google user,ok,5
com.chess.clock,A Google user,couldnt change see settings menu clock,1
com.chess.clock,A Google user,great app learners masters,5
com.chess.clock,A Google user,excellent efficient little app adfree exactly supposed,5
com.chess.clock,A Google user,good basic clock,5
com.chess.clock,A Google user,nice app,4
com.chess.clock,A Google user,perfect simple gaming clock basic players chess customizable,4
com.chess.clock,A Google user,great app,5
com.chess.clock,A Google user,good,5
com.chess.clock,A Google user,good,5
com.chess.clock,A Google user,good,4
com.chess.clock,A Google user,really great app tnx,5
com.chess.clock,A Google user,awesome works perfectly easy use,5
com.chess.clock,A Google user,like,4
com.chess.clock,A Google user,cant set different times player,2
com.chess.clock,A Google user,amazing great outstanding great game free exclusive pls support youtube channeldaniel temesgen,5
com.chess.clock,A Google user,good,4
com.chess.clock,A Google user,reduce font size,1
com.chess.clock,A Google user,super,5
com.chess.clock,A Google user,give us chance play timer,1
com.chess.clock,A Google user,user friendly user manuel must new user user must shown user manuel firstly app shoul proceed,3
com.chess.clock,A Google user,sssss,5
com.chess.clock,A Google user,sometime lags good app,5
com.chess.clock,A Google user,cool app enough options move per seconds minutes,3
com.chess.clock,A Google user,good,5
com.chess.clock,A Google user,exactly says nicely,5
com.chess.clock,A Google user,crashed two seperate phones model within five minutes installing using,1
com.chess.clock,A Google user,good,3
com.chess.clock,A Google user,expected well,5
com.chess.clock,A Google user,cant set different times players,3
com.chess.clock,A Google user,like time,5
com.chess.clock,A Google user,nice app,4
com.chess.clock,A Google user,good,3
com.chess.clock,A Google user,good,3
com.chess.clock,A Google user,ahah,5
com.chess.clock,A Google user,excellent app,5
com.chess.clock,A Google user,daily used clock play chess,5
com.chess.clock,A Google user,excellent clock good work,5
com.chess.clock,A Google user,good fits purpose,5
com.chess.clock,A Google user,love chess,5
com.chess.clock,A Google user,wow ausome,5
com.chess.clock,A Google user,good timer app wish time odds option,3
com.chess.clock,A Google user,great thing againist clock,5
com.chess.clock,A Google user,nice,5
com.chess.clock,A Google user,great app missing oled dark mode,4
com.chess.clock,A Google user,best app chess players want buy clock afford,5
com.chess.clock,A Google user,time editing,1
com.chess.clock,A Google user,nice play girlfriend chess chess clock free awesome,5
com.chess.clock,A Google user,good app,5
com.chess.clock,A Google user,clean easy ui shortcomings serious getting settings baffling alot users since intuitive much appreciate got must rotate screen see settings cogwheel button second please add way start handicap one player e different amount times two players,3
com.chess.clock,A Google user,good,5
com.chess.clock,A Google user,exceptional service,5
com.chess.clock,A Google user,advanced way chess loging love,5
com.chess.clock,A Google user,works like champ,5
com.chess.clock,A Google user,wow,5
com.chess.clock,A Google user,nice,5
com.chess.clock,A Google user,good,5
com.chess.clock,A Google user,super awesome,5
com.chess.clock,A Google user,,5
com.chess.clock,A Google user,good nice,5
com.chess.clock,A Google user,works well,5
com.chess.clock,A Google user,,4
com.chess.clock,A Google user,terrible spent thirty seconds app clunk cant make forces edit list provide edited times didnt even fit numbers cut screen couldnt return menus cause button covered number wouldnt let leave,1
com.chess.clock,A Google user,functional,4
com.chess.clock,A Google user,showing settings button using app second consecutive times every time need reinstall app change settings also time getting displayed two lines three digits first line 4th digit second line full screen normal mode,1
com.chess.clock,A Google user,best irony app,1
com.chess.clock,A Google user,simple clean good job,5
com.chess.clock,A Google user,good chess clock dont real chess clock,4
com.chess.clock,A Google user,app needs add feature adding one persons clock case illegal moves etc,1
com.chess.clock,A Google user,nice app,5
com.chess.clock,A Google user,option different time player,3
com.chess.clock,A Google user,settings unavailable used full screen mode also big screen,1
com.chess.clock,A Google user,good,5
com.chess.clock,A Google user,great useful app would suggest couple features make better eg one able add time increments specific stages two option set different times level unbalanced players three variety different themes would cool,4
com.chess.clock,A Google user,best,5
com.chess.clock,A Google user,way edit timings game starts example case illegal move need penalize say one min ios version app seems basic functinality android app,1
com.chess.clock,A Google user,good app chess,4
com.chess.clock,A Google user,great,5
com.chess.clock,A Google user,clock fills screen even full screen mode causes timer unchangeable started must let timer run completely every game annoying,1
com.chess.clock,A Google user,timo produto pois j contm programaes de torneios oficiais,5
com.chess.clock,A Google user,superb,5
com.chess.clock,A Google user,real clock app,5
com.chess.clock,A Google user,cant even set time never download app,1
com.chess.clock,A Google user,bad game,5
com.chess.clock,A Google user,eight hundred fifty kb good,5
com.chess.clock,A Google user,good application,5
com.chess.clock,A Google user,android phone sound plays time runs thats rated four stars would also nice option play turn sounds otherwise clean well designed app,3
com.chess.clock,A Google user,basic simple useful,5
com.chess.clock,A Google user,okay,3
com.chess.clock,A Google user,awesome app supposed,5
com.chess.clock,A Google user,good chess clock helped lot unable purchase chess clock bcoz expensive,4
com.chess.clock,A Google user,awesome game man,5
com.chess.clock,A Google user,please set twentyfive minutes time,5
com.chess.clock,A Google user,good,5
com.chess.clock,A Google user,good,5
com.chess.clock,A Google user,bad,5
com.chess.clock,A Google user,thos,1
com.chess.clock,A Google user,fix rearrange different timings arrange order,5
com.chess.clock,A Google user,good learn trick game,5
com.chess.clock,A Google user,lovely clock use,5
com.chess.clock,A Google user,best ass,5
com.chess.clock,A Google user,trash,1
com.chess.clock,A Google user,nc,5
com.chess.clock,A Google user,ooo,5
com.chess.clock,A Google user,,5
com.chess.clock,A Google user,super,5
com.chess.clock,A Google user,worst game ever,5
com.chess.clock,A Google user,better nice,5
com.chess.clock,A Google user,simple,3
com.chess.clock,A Google user,make click sound louder useless noisy environment,2
com.chess.clock,A Google user,good timer dont know bad rein jakobson,5
com.chess.clock,A Google user,helped lot,5
com.chess.clock,A Google user,like much,5
com.chess.clock,A Google user,bug fischer rapid numbers glitches phone,3
com.chess.clock,A Google user,love time tea,5
com.chess.clock,A Google user,better real clock,5
com.chess.clock,A Google user,chess mastermind game,5
com.chess.clock,A Google user,nice,3
com.chess.clock,A Google user,like,5
com.chess.clock,A Google user,oh cool,5
com.chess.clock,A Google user,loved,5
com.chess.clock,A Google user,good,4
com.chess.clock,A Google user,timer doesnt work resolution galaxy tab screen,1
com.chess.clock,A Google user,fine,5
com.chess.clock,A Google user,please make online game mandal dristic play online,5
com.chess.clock,A Google user,job,5
com.chess.clock,A Google user,niceee,5
com.chess.clock,A Google user,working,1
com.chess.clock,A Google user,wish could add time odds feature enable setting different time two players,4
com.chess.clock,A Google user,awesome,5
com.chess.clock,A Google user,nice app,5
com.chess.clock,A Google user,resetting clock press button start starts count another player like absolutely unexpected upd doesnt save time minimized returned back hard save two timestamps nowadays,2
com.chess.clock,A Google user,brilliant,5
com.chess.clock,A Google user,thanks app,5
com.chess.clock,A Google user,plz add sound time runs,4
com.chess.clock,A Google user,ok,3
com.chess.clock,A Google user,,1
com.chess.clock,A Google user,nice,5
com.chess.clock,A Google user,gud,5
com.chess.clock,A Google user,dam duffer clock,1
com.chess.clock,A Google user,loved,5
com.chess.clock,A Google user,bad,4
com.chess.clock,A Google user,nice simple,5
com.chess.clock,A Google user,good,5
com.chess.clock,A Google user,good,5
com.chess.clock,A Google user,,5
com.chess.clock,A Google user,awesome,5
com.chess.clock,A Google user,clock works great seems like clock built chess player chess player,5
com.chess.clock,A Google user,gij,5
com.chess.clock,A Google user,super,5
com.chess.clock,A Google user,love app,5
com.chess.clock,A Google user,best chess clock world,5
com.chess.clock,A Google user,chess good concentration,5
com.chess.clock,A Google user,easy use set required works great,5
com.chess.clock,A Google user,works great,5
com.chess.clock,A Google user,nice app,5
com.chess.clock,A Google user,good,5
com.chess.clock,A Google user,opph,5
com.chess.clock,A Google user,good,5
com.chess.clock,A Google user,mentioned clock allow different times player disappointed,1
com.chess.clock,A Google user,love good recommend,5
com.chess.clock,A Google user,exactly chess timer,5
com.chess.clock,A Google user,like real clock except screen trouble,5
com.chess.clock,A Google user,good app,4
com.chess.clock,A Google user,good chess clock perfect chance set clock different times one could play handicap,4
com.chess.clock,A Google user,cool,3
com.chess.clock,A Google user,yuyu,4
com.chess.clock,A Google user,worst app dont install,1
com.chess.clock,A Google user,lacking changes color cutsimuzable setting like sound whether wanted maybe adding vibration option instead forth onthe setting limited,4
com.chess.clock,A Google user,nice,3
com.chess.clock,A Google user,good app,5
com.chess.clock,A Google user,good chees clock,5
com.chess.clock,A Google user,loved everything,5
com.chess.clock,A Google user,ok,3
com.chess.clock,A Google user,awesome,5
com.chess.clock,A Google user,excellnt set alter bit arduous,5
com.chess.clock,A Google user,easy use n works effectively,5
com.chess.clock,A Google user,pretty simple clock quite good sound great,4
com.chess.clock,A Google user,excelente,5
com.chess.clock,A Google user,nothing,4
com.chess.clock,A Google user,good chess clock would given 5star able show moves well warning tone,4
com.chess.clock,A Google user,small bug tap clock delay time time adds clock assume bug aware intentional rule,3
com.chess.clock,A Google user,clock better apple products android dont ability set different time player play wife kid want time apple device simple addition time control edit screen bottom player1 player2 unless repaired uninstall one phone,2
com.chess.clock,A Google user,useful,5
com.chess.clock,A Google user,nice app,5
com.chess.clock,A Google user,great,5
com.chess.clock,A Google user,nice app,5
com.chess.clock,A Google user,attached resume reference hope hear soon currently working,5
com.chess.clock,A Google user,helps become chess master,5
com.chess.clock,A Google user,nice clock,5
com.chess.clock,A Google user,thanks,5
com.chess.clock,A Google user,great app love,5
com.chess.clock,A Google user,good,5
com.chess.clock,A Google user,downloading slow,5
com.chess.clock,A Google user,cant delete time controls mess,1
com.chess.clock,A Google user,outstanding,5
com.chess.clock,A Google user,worth stars nice app,5
com.chess.clock,A Google user,nice app,5
com.chess.clock,A Google user,easy usable light fast use small app pretty useful liked,5
com.chess.clock,A Google user,loved itgood chess clock app,5
com.chess.clock,A Google user,better,1
com.chess.clock,A Google user,app good chess,4
com.chess.clock,A Google user,cool,5
com.chess.clock,A Google user,everything fine atleast make update count moves dat case worth five stars,3
com.chess.clock,A Google user,nice,5
com.chess.clock,A Google user,ayush shinde,5
com.chess.clock,A Google user,best chess clock world,5
com.chess.clock,A Google user,nice,5
com.chess.clock,A Google user,pappu app,5
com.chess.clock,A Google user,great blitz,5
com.chess.clock,A Google user,good,5
com.chess.clock,A Google user,cool,4
com.chess.clock,A Google user,v v v v v v goo,5
com.chess.clock,A Google user,radial enzo greenblatt,5
com.chess.clock,A Google user,best chess clock ive ever seen,5
com.chess.clock,A Google user,app good good download,5
com.chess.clock,A Google user,good,5
com.chess.clock,A Google user,chi,5
com.chess.clock,A Google user,good could better would option finishing game could watch time stream beginning end thank much useful application,5
com.chess.clock,A Google user,exactly looking,5
com.chess.clock,A Google user,vary nice,5
com.chess.clock,A Google user,used work ok paying unlock features crashes worked better unlocking,2
com.chess.clock,A Google user,nice,5
com.chess.clock,A Google user,great app ive used buy timer didnt much money installed app separate great app,5
com.chess.clock,A Google user,great,5
com.chess.clock,A Google user,nice,5
com.chess.clock,A Google user,good,5
com.chess.clock,A Google user,app display shown completely two digit minutes mode please remove bug,1
com.chess.clock,A Google user,like app sooooooo much use full,5
com.chess.clock,A Google user,like game much good,5
com.chess.clock,A Google user,love game much,5
com.chess.clock,A Google user,sooooo goodddd,5
com.chess.clock,A Google user,love play chess,5
com.chess.clock,A Google user,good clock,5
com.chess.clock,A Google user,hahaha problem,5
com.chess.clock,A Google user,rubbish,5
com.chess.clock,A Google user,easy simpleclean way playing chess,5
com.chess.clock,A Google user,good timer one issuce lg d802 sound sound sometimes dont works clicks,4
com.chess.clock,A Google user,graphics good app mostly best,5
com.chess.clock,A Google user,bad clock,1
com.chess.clock,A Google user,awesome,5
com.chess.clock,A Google user,good graphics good,3
com.chess.clock,A Google user,found interface nice simplistic displaying needed new timer profiles created different situations possible set different times players sound ending turn muted overall best free chess clock ive tried,5
com.chess.clock,A Google user,good,5
com.chess.clock,A Google user,clean simple,5
com.chess.clock,A Google user,pathotic chess,1
com.chess.clock,A Google user,simple effective,5
com.chess.clock,A Google user,good app ads cant understand multiple stages theres description,4
com.chess.clock,A Google user,would like tell thst app nice chess lovers,5
com.chess.clock,A Google user,bad,4
com.chess.clock,A Google user,awesome app must dont physical clock yet,5
com.chess.clock,A Google user,nice,5
com.chess.clock,A Google user,easy using,5
com.chess.clock,A Google user,simple works great,5
com.chess.clock,A Google user,unable set different time controls per player,4
com.chess.clock,A Google user,graphics pro,5
com.chess.clock,A Google user,good,5
com.chess.clock,A Google user,ok,5
com.chess.clock,A Google user,nothing wrong app since simple could improve game would add alarm game ends good would recommend app people would want app category,4
com.chess.clock,A Google user,great one thing always lost,4
com.chess.clock,A Google user,excellent chess timer app,5
com.chess.clock,A Google user,good app,5
com.chess.clock,A Google user,nice,5
com.chess.clock,A Google user,great,5
com.chess.clock,A Google user,good,5
com.chess.clock,A Google user,useful,5
com.chess.clock,A Google user,worst app ever seen chess,3
com.chess.clock,A Google user,fine job,5
com.chess.clock,A Google user,custom time option,3
com.chess.clock,A Google user,love lt,5
com.chess.clock,A Google user,ok,5
com.chess.clock,A Google user,wonderful like much,5
com.chess.clock,A Google user,simple effective else want chess clock,5
com.chess.clock,A Google user,good app,3
com.chess.clock,A Google user,good,5
com.chess.clock,A Google user,good chess clock easy varsitile comfortable main problem colors pretty dim hard see easly please add option change color,3
com.chess.clock,A Google user,lot errors want use ten minutes game app crashes,1
com.chess.clock,A Google user,good someone doesnt chess clock,5
com.chess.clock,A Google user,good play chess,5
com.chess.clock,A Google user,helpful thoughtful developer huge thanks contribution world chess players,5
com.chess.clock,A Google user,shirk,5
com.chess.clock,A Google user,nice,5
com.chess.clock,A Google user,vrt app,5
com.chess.clock,A Google user,good easy use,4
com.chess.clock,A Google user,good,5
com.chess.clock,A Google user,like chess clock,5
com.chess.clock,A Google user,quite easy use real game experience like set timing rather using standard ones finding right place setting little hard though newbie like hard understand words within chess,4
com.chess.clock,A Google user,simple good graphics modern,4
com.chess.clock,A Google user,great job,5
com.chess.clock,A Google user,like,5
com.chess.clock,A Google user,useful nobody buy costly clocks time,5
com.chess.clock,A Google user,easy use,5
com.chess.clock,A Google user,thanks app working like real chess clock,5
com.chess.clock,A Google user,controls need updated iwas stucked one hundred bliztz,4
com.chess.clock,A Google user,custom time settings,1
com.chess.clock,A Google user,simple reliable setting different time controls player im happy,4
com.chess.clock,A Google user,amazingly simple useful old chess table come back life thanks,5
com.chess.clock,A Google user,app good still scope improvement could add changes different timings set two players app set different timings players would unbeatable otherwise everything else fine,4
com.chess.clock,A Google user,nice,5
com.chess.clock,A Google user,good,5
com.chess.clock,A Google user,good,5
com.chess.clock,A Google user,useful add different time,5
com.chess.clock,A Google user,awesome,5
com.chess.clock,A Google user,nice,5
com.chess.clock,A Google user,fine time ten min clock formats way blocks settings button mention looks bad,2
com.chess.clock,A Google user,gives time templates based international standards add customized timing easy use practical,5
com.chess.clock,A Google user,digit displayed good two digit minutes last digit seconds goes screen control buttons visible design graphics improved,2
com.chess.clock,A Google user,awesome,5
com.chess.clock,A Google user,really goodits clean easy use,5
com.chess.clock,A Google user,chess timer best easy use friend download app working app,5
com.chess.clock,A Google user,nice pause button visible,5
com.chess.clock,A Google user,bad,3
com.chess.clock,A Google user,simple customisable everything average person might expect chess clock looks pretty good works well doesnt suck much battery sure advanced options would nice honest would never use,5
com.chess.clock,A Google user,nice,4
com.chess.clock,A Google user,fo,4
com.chess.clock,A Google user,user friendly,1
com.chess.clock,A Google user,great app suit situations including custom designed multistage time controls two real drawbacks possible different times player increments fischerbronsteindelay applied move one,4
com.chess.clock,A Google user,add hourglass clock mode alert time runs add theme timer background,3
com.chess.clock,A Google user,really easy symple,2
com.chess.clock,A Google user,alarm alerts distracting colors simple great,5
com.chess.clock,A Google user,marvellous great,5
com.chess.clock,A Google user,clock l like clock,4
com.chess.clock,A Google user,work easy,5
com.chess.clock,A Google user,like,5
com.chess.clock,A Google user,go download time control instead,3
com.chess.clock,A Google user,love app except theres alert clock time runs play make alert ringtone,5
com.chess.clock,A Google user,ok ok,2
com.chess.clock,A Google user,good thing kids adult play chess,4
com.chess.clock,A Google user,great chess clock jenga,5
com.chess.clock,A Google user,interesting apps yes better,5
com.chess.clock,A Google user,exactly want keeps track time chess games,5
com.chess.clock,A Google user,good chess players,5
com.chess.clock,A Google user,need different time controls player,3
com.chess.clock,A Google user,great level players,4
com.chess.clock,A Google user,love play chess easy operation clock,5
com.chess.clock,A Google user,good,5
com.chess.clock,A Google user,perfect,5
com.chess.clock,A Google user,works box blitz games,5
com.chess.clock,A Google user,thank developers,5
com.chess.clock,A Google user,jus need use playing purpose point making complicated one good,5
com.chess.clock,A Google user,nice broh,5
com.chess.clock,A Google user,chess life,5
com.chess.clock,A Google user,app works without fail completely satisfied recommend like play chess casually competetively time,5
com.chess.clock,A Google user,perfect,5
com.chess.clock,A Google user,permissions necessary,5
com.chess.clock,A Google user,,1
com.chess.clock,A Google user,perfekt simple braucht keine rechte,5
com.chess.clock,A Google user,mama good,5
com.chess.clock,A Google user,brought clock project science 5th grade class long story short teacher thought gonna allahu akbar school called police ended getting scholarship mit five stars,1
com.chess.clock,A Google user,use full,5
com.chess.clock,A Google user,missing option set different time controls two players possibly warning time running,4
com.chess.clock,A Google user,useful player,4
com.chess.clock,A Google user,easy usei loved,5
com.chess.clock,A Google user,robust free east,5
com.chess.clock,A Google user,job perfectly distractions,5
com.chess.clock,A Google user,like,5
com.chess.clock,A Google user,wish second click sound people tap twice expecting click sound good clock though edit missing something set different times,3
com.chess.clock,A Google user,nice,3
com.chess.clock,A Google user,tried new note seven display seams distorted appears large screen seems way adjust,2
com.chess.clock,A Google user,needs different times per player,2
com.chess.clock,A Google user,worst app ever invented,1
com.chess.clock,A Google user,work android cant delete,1
com.chess.clock,A Google user,love,5
com.chess.clock,A Google user,fun play clock like sound nice work,5
com.chess.clock,A Google user,could resize display,1
com.chess.clock,A Google user,works,5
com.chess.clock,A Google user,,5
com.chess.clock,A Google user,clock works well biggest problem runs ninetynine time therefore locks precious ram even days used last force stop help,4
com.chess.clock,A Google user,please add ability pause edit game time player useful case adding penalty illegal moves,4
com.chess.clock,A Google user,well work,4
com.chess.clock,A Google user,take step hangs lot,1
com.chess.clock,A Google user,seen better app chess game,4
com.chess.clock,A Google user,good simple,5
com.chess.clock,A Google user,stage always resets time clicked example fortyfive minutes stage one player thirty seconds per move,4
com.chess.clock,A Google user,keep different time individual player,3
com.chess.clock,A Google user,love,5
com.chess.clock,A Google user,lichess app chess clock within,5
com.chess.clock,A Google user,super,4
com.chess.clock,A Google user,one needs,5
com.chess.clock,A Google user,would work nexus nine,5
com.chess.clock,A Google user,sound problems,2
com.chess.clock,A Google user,download,4
com.chess.clock,A Google user,sometimes momentary delay activating notification chime time running would good idea improve app great speed jenga,4
com.chess.clock,A Google user,horrible,1
com.chess.clock,A Google user,perfect,5
com.chess.clock,A Google user,cannot select clocks edit delete must create timer scratch reinstall clear unused timers easy way set time per turn interface confusing clearly doesnt work intended app clearly wasnt finished released developers dont seem interested fixing several problems app fifteen app absolute trash developers appear absent silent response users cries,1
com.chess.clock,A Google user,simple easy use,5
com.chess.clock,A Google user,ive seen better alert clock runs time add clocks way delete deleting apparently thing pictures app description function work least phone fix would rate five stars,3
com.chess.clock,A Google user,theme like real chess clock otherwise good,4
com.chess.clock,A Google user,love,5
com.chess.clock,A Google user,great clock,5
com.chess.clock,A Google user,handy,5
com.chess.clock,A Google user,love,5
com.chess.clock,A Google user,good works change time,3
com.chess.clock,A Google user,must alarm time runs give five star best user interface,4
com.chess.clock,A Google user,needs moveturn counter itd perfect,4
com.chess.clock,A Google user,need option modify time game began example add two minutes illegal move option put different time control player,4
com.chess.clock,A Google user,useful,5
com.chess.clock,A Google user,good,5
com.chess.clock,A Google user,best,5
com.chess.clock,A Google user,one star missing wrongly press setting restart button interrupted blitz game something 5star,4
com.chess.clock,A Google user,good able set handicap time eg five mins vs one mins app perfect,3
com.chess.clock,A Google user,highly recommended,5
com.chess.clock,A Google user,nice,5
com.chess.clock,A Google user,nice application saves lot money,5
com.chess.clock,A Google user,way set different times per player would decent chess clock im missing someone email rickcr gmail clock nice need optional player time controls pretty much every chess clock app,2
com.chess.clock,A Google user,nice likey,4
com.chess.clock,A Google user,awesome,5
com.chess.clock,A Google user,easy use app chime alarm sounds time runs thats pretty big deal developer adds awesome app,3
com.chess.clock,A Google user,cant see chess clock better youre great,5
com.chess.clock,A Google user,good app,5
com.chess.clock,A Google user,lovely app soooooooooo good nice job guys,5
com.chess.clock,A Google user,helpful easy latest,5
com.chess.clock,A Google user,thanks app,5
com.chess.clock,A Google user,works intended love ui sounds,5
com.chess.clock,A Google user,excellent,5
com.chess.clock,A Google user,simple yet impressive user interfacea must try chess lovers,5
com.chess.clock,A Google user,need clock dl install,5
com.chess.clock,A Google user,please fix time sound problem,4
com.chess.clock,A Google user,good exactly looking,5
com.chess.clock,A Google user,good app simple easy use,5
com.chess.clock,A Google user,unbelievable,5
com.chess.clock,A Google user,easy useful,5
com.chess.clock,A Google user,using app feel like professional player,5
com.chess.clock,A Google user,best best,5
com.chess.clock,A Google user,one,5
com.chess.clock,A Google user,provision setting different times players plus cannot delete time controls,2
com.chess.clock,A Google user,ooo goooooddddddddddddd nice app fell love app toooooo gooodd developers done great job,5
com.chess.clock,A Google user,,5
com.chess.clock,A Google user,gooooooopd,5
com.chess.clock,A Google user,like,5
com.chess.clock,A Google user,fast good,5
com.chess.clock,A Google user,increase practise nice players download clocks,5
com.chess.clock,A Google user,good setting great,5
com.chess.clock,A Google user,loved,5
com.chess.clock,A Google user,loved,5
com.chess.clock,A Google user,nice one,5
com.chess.clock,A Google user,simple use great options save custom clock settings tried lot clock apps save time looking around get app,5
com.chess.clock,A Google user,played friends using really helped wanted use clock keep work,5
com.chess.clock,A Google user,wish option set timer one minute resets restarts side,2
com.chess.clock,A Google user,great delete,4
com.chess.clock,A Google user,u set ur custom time increment,5
com.chess.clock,A Google user,fantastic,5
com.chess.clock,A Google user,nice interface works expected,5
com.chess.clock,A Google user,superb app increase speed think,5
com.chess.clock,A Google user,timer ok,5
com.chess.clock,A Google user,updates still okkkkk,4
com.chess.clock,A Google user,super aap chess lover,5
com.chess.clock,A Google user,wow,5
com.chess.clock,A Google user,simple looks good,5
com.chess.clock,A Google user,chess clock almost everything except place tells whether side white black,4
com.chess.clock,A Google user,different time two players plsssss otherwise everything gud,3
com.chess.clock,A Google user,easy know settings,1
com.chess.clock,A Google user,nice,5
com.chess.clock,A Google user,awesome chess clock essential features right need,5
com.chess.clock,A Google user,really love,5
com.chess.clock,A Google user,thank u,4
com.chess.clock,A Google user,dont like got got got love,5
com.chess.clock,A Google user,great,5
com.chess.clock,A Google user,loved,5
com.chess.clock,A Google user,convenient great,5
com.chess.clock,A Google user,special permissions party,3
com.chess.clock,A Google user,like,4
com.chess.clock,A Google user,cooooooooooollllllllllllll,5
com.chess.clock,A Google user,outstanding amazing mmindblowingg,5
com.chess.clock,A Google user,best timer app thanks,5
com.chess.clock,A Google user,marvelous standards,5
com.chess.clock,A Google user,time runs timer turns red pressing asks reset clock bad players dont see time run game continues clock shouldnt warn time run,2
com.chess.clock,A Google user,dosnt,5
com.chess.clock,A Google user,great chess clock app change delay settings clock nice feature one problem mentioned others cant delete old individual clock profiles,4
com.chess.clock,A Google user,please add interface preferences clicking sound every move clicking occur opening steps gone kinda throw hype away game especially thrill bullet last one didnt compared apps handicap feature cant seem find option handicapped match set players time differently set done ill give five stars,3
com.chess.clock,A Google user,touch good make time format brilliant kudos,5
com.chess.clock,A Google user,,5
com.chess.clock,A Google user,love works without disrupting music im playing,5
com.chess.clock,A Google user,loud,1
com.chess.clock,A Google user,bomb,5
com.chess.clock,A Google user,useful,4
com.chess.clock,A Google user,kept resetting timer clicked motorola g2,1
com.chess.clock,A Google user,loved,5
com.chess.clock,A Google user,easy fast classy,5
com.chess.clock,A Google user,need graphics,3
com.chess.clock,A Google user,like,5
com.chess.clock,A Google user,clock delay brostein fischer options time increment though app looks good theme option would even awesome,5
com.chess.clock,A Google user,works perfectly great minimal design thanks making,5
com.chess.clock,A Google user,name,5
com.chess.clock,A Google user,variants,5
com.chess.clock,A Google user,works fine missing ability adjust timers play,3
com.chess.clock,A Google user,much needed app,5
com.chess.clock,A Google user,looks works really good ads,5
com.chess.clock,A Google user,ok,4
com.chess.clock,A Google user,goooooood,5
com.chess.clock,A Google user,genial para moto g,5
com.chess.clock,A Google user,loved easy operate,5
com.chess.clock,A Google user,features added,4
com.chess.clock,A Google user,persist time,1
com.chess.clock,A Google user,nice clock,5
com.chess.clock,A Google user,love app one improvement would make louder buzzer alarm time runs,4
com.chess.clock,A Google user,gui nice features superb thing time variations initially provided make using app interesting,5
com.chess.clock,A Google user,dev play,5
com.chess.clock,A Google user,chess clock bestnone clocks much gud,5
com.chess.clock,A Google user,error,1
com.chess.clock,A Google user,set time gt959 got second line timer time control buttons become unaccesible fortyfive screen hd resolution,3
com.chess.clock,A Google user,need feature provides option set different type increments stage seems increment set common stages please consider add feature,3
com.chess.clock,A Google user,good handy app,4
com.chess.clock,A Google user,yeah u see want u found somewhay different better youve expected,5
com.chess.clock,A Google user,really good,5
com.chess.clock,A Google user,awesome,5
com.chess.clock,A Google user,nice app,4
com.chess.clock,A Google user,clock cant create two different time two player,3
com.chess.clock,A Google user,brilliant,4
com.chess.clock,A Google user,cant seem figure delete settings think button top next button create profiles cant select settings either delete edit furthermore actually looking setting gives x amount time per turn closest could get app either fischer setting delay cant see much time spent turn,3
com.chess.clock,A Google user,poor,1
com.chess.clock,A Google user,good app,5
com.chess.clock,A Google user,,3
com.chess.clock,A Google user,please add different individual time player,1
com.chess.clock,A Google user,let us set different time per player need muchd,4
com.chess.clock,A Google user,gooooooooood,5
com.chess.clock,A Google user,yeah,5
com.chess.clock,A Google user,needs able remove custom timers note three possible,4
com.chess.clock,A Google user,zat nop mah mah ka chi vang lak dawr timer dang lei tuan se ngailou battery lah lei ngailou lel download kei bang chess hai chih na hih aleh gud,5
com.chess.clock,A Google user,way mute,3
com.chess.clock,A Google user,awesome,5
com.chess.clock,A Google user,nice skin interface disappointed bayomi canadian timer styles playing go please add,3
com.chess.clock,A Google user,good app something wrong display samsung s5 2nd sec zero shows side fix soon,1
com.chess.clock,A Google user,good,4
com.chess.clock,A Google user,super,5
com.chess.clock,A Google user,theres choices change view make face players instead facing individual player nevermind rotate phone sorry,5
com.chess.clock,A Google user,different times different players id love give son time advantage blitz see others requested common real clocks uneven players thanks,3
com.chess.clock,A Google user,app cant even real chess timer thats change yhe settings shouldnt go set multiple game profiles modify time setting says delete stuff function broken kinda lame chess clocks used chess couldnt give load various speed chess styles,2
com.chess.clock,A Google user,play two hours game clock goes little slowly,3
com.chess.clock,A Google user,got clock wherever go,5
com.chess.clock,A Google user,awesome,5
com.chess.clock,A Google user,cant delete custom timers,3
com.chess.clock,A Google user,time adjustment poor sensation small time like one sec,1
com.chess.clock,A Google user,good,4
com.chess.clock,A Google user,would love able set different times could use handicap kids,5
com.chess.clock,A Google user,really helped improve speed play though suggesting two clocks face respective players instead facing one player,5
com.chess.clock,A Google user,need different times setting players,5
com.chess.clock,A Google user,cant edit saved settings worse cant delete otherwise good interface easy use better ones around,3
com.chess.clock,A Google user,tournament tc requires three thousand seventyfive g45 delay thirty second stage app appears delay set first stage regardless number stages customized mode,4
com.chess.clock,A Google user,works perfectly,5
com.chess.clock,A Google user,loved interface usability,5
com.chess.clock,A Google user,v vv vv vv good,5
com.chess.clock,A Google user,good,5
com.chess.clock,A Google user,best free app ad,4
com.chess.clock,A Google user,perfect love supports different modes,5
com.chess.clock,A Google user,unable delete edit clock,3
com.chess.clock,A Google user,needs accommodate n days per move game timings eg two days per move games,3
com.chess.clock,A Google user,great app,5
com.chess.clock,A Google user,makes chess fun set app fiftyfive minute timer thank,5
com.chess.clock,A Google user,ui cool time handicap add option ill redownload five stars tia,1
com.chess.clock,A Google user,neat,4
com.chess.clock,A Google user,bee eeh aah utiful,5
com.chess.clock,A Google user,sound vibration whatsoever alerting player whose time crisis,2
com.chess.clock,A Google user,simple use beautiful ui permissions required great job,5
com.chess.clock,A Google user,best two hundred chess clock apps checked jst one thing though icon indicate black n white added time boxes really great app,5
com.chess.clock,A Google user,cant even choose time one clock time even show number moves,3
com.chess.clock,A Google user,allah khuda hai,5
com.chess.clock,A Google user,clock rounds time seconds stead keeping exact time without display clock fails clock,1
com.chess.clock,A Google user,good,5
com.chess.clock,A Google user,super app,4
com.chess.clock,A Google user,cant find settings press edit show zero selected select,4
com.chess.clock,A Google user,good app,5
com.chess.clock,A Google user,perfect time controlling,5
com.chess.clock,A Google user,fischer time cap option time increments please fix,3
com.chess.clock,A Google user,simply superb,4
com.chess.clock,A Google user,good,4
com.chess.clock,A Google user,despite people complaining game time options five seconds exploring settings page find one hundred customizable app much versatile typical chess clock,5
com.chess.clock,A Google user,downloaded show husband chess chocks available main tournament times ready use plus option add clock face simple unadorned click live clock switch live clock face goes red games adverts data mining free anyone give five stars,5
com.chess.clock,A Google user,good,5
com.chess.clock,A Google user,one suggestion though maybe add hourglass clock mode hourglass chess player starts eg thirty seconds total time clock runs turn opponents runs visa versa faster make moves less extra time grant opponent,5
com.chess.clock,A Google user,important chess player,5
com.chess.clock,A Google user,nice,5
com.chess.clock,A Google user,requested improvements one important different time individual player also number moves think app developer made app forgot come back check,1
com.chess.clock,A Google user,issues ever,4
com.chess.clock,A Google user,may couldnt find way editremove customized settings would like able change timesrenameremove nondefault time controls uninstalled reinstalled work around otherwise clean would also like little count delay times instead feedback wait time goes,3
com.chess.clock,A Google user,brilliant app time sound audible one,5
com.chess.clock,A Google user,much needed national player,5
com.chess.clock,A Google user,best appi like,5
com.chess.clock,A Google user,crispy sound clock ticks,5
com.chess.clock,A Google user,nice,5
com.chess.clock,A Google user,two requests one louder sound hitting clock two wish automatically created name settings based configuration ie make configuration three min2 sec increment name,4
com.chess.clock,A Google user,nice,5
com.chess.clock,A Google user,nice,5
com.chess.clock,A Google user,awesome,5
com.chess.clock,A Google user,best one,5
com.chess.clock,A Google user,simplicity best really appreciate good app without ads pop ups,5
com.chess.clock,A Google user,tried several one best bad point bug sound nexus seven clicking sound often goes quiet randomly please fix,4
com.chess.clock,A Google user,lets otherwise great app,3
com.chess.clock,A Google user,,4
com.chess.clock,A Google user,works well,4
com.chess.clock,A Google user,makes things go smooth,5
com.chess.clock,A Google user,ok,5
com.chess.clock,A Google user,nice,5
com.chess.clock,A Google user,nice clock,5
com.chess.clock,A Google user,love guys,5
com.chess.clock,A Google user,add functions,5
com.chess.clock,A Google user,drained battery let run background,1
com.chess.clock,A Google user,good mobile digital chess timer,5
com.chess.clock,A Google user,nice,5
com.chess.clock,A Google user,vinoth,4
com.chess.clock,A Google user,cant set time wantplease fix give five star,4
com.chess.clock,A Google user,,4
com.chess.clock,A Google user,looking simple app like thanks,5
com.chess.clock,A Google user,nice,5
com.chess.clock,A Google user,bugs nexus five fix please,1
com.chess.clock,A Google user,app works great cant really complain anything best android clock far im staying,5
com.chess.clock,A Google user,nice workthanx nd best luck developers teem,5
com.chess.clock,A Google user,ok,5
com.chess.clock,A Google user,,5
com.chess.clock,A Google user,works like intended great app,5
com.chess.clock,A Google user,excellent,5
com.chess.clock,A Google user,option set different time clocks example five minutes player1 three minutes player2 like ui need set clocks,3
com.chess.clock,A Google user,needed,5
com.chess.clock,A Google user,love,5
com.chess.clock,A Google user,great digital chess clock,5
com.chess.clock,A Google user,fontsize set large huge settings time two digits ten example screen layout messed portrait landscape mode,3
com.chess.clock,A Google user,chess clock plain simple direct,5
com.chess.clock,A Google user,real nice simple,5
com.chess.clock,A Google user,gud,5
com.chess.clock,A Google user,seems like good app would give five stars except doesnt always work landscape mode samsung galaxy s4 example want delete time control also writing press add stage save new time control looks like pressing nothing,3
com.chess.clock,A Google user,one might think chess timer could used time things app specifically limited standard chess times want fine otherwise largely useless,2
com.chess.clock,A Google user,great chess clock however cant exit app unless bring menu tap home button,4
com.chess.clock,A Google user,havent excited clock since got first digital watch,5
com.chess.clock,A Google user,exactly need without terrible labyrinthine maze ui,5
com.chess.clock,A Google user,even exited app restarted phone went back settings option still gone uninstall,1
com.chess.clock,A Google user,hoping could play brother half time got,3
com.chess.clock,A Google user,bad,4
com.chess.clock,A Google user,timer doesnt act immediately touch screen waits first finger release causes slight delay one chessclock market responds immediately hit screen name time control chess clock,3
com.chess.clock,A Google user,simply works well,5
com.chess.clock,A Google user,says special permissions dont make sence,5
com.chess.clock,A Google user,play chess time control anywhere decide play chesss awesome,5
com.chess.clock,A Google user,helps lot,5
com.chess.clock,A Google user,drains battery even running,1
com.chess.clock,A Google user,best chess clock easytouse,5
com.chess.clock,A Google user,ive tried lots chess clocks favorite simple clear interface move counter lots configurability,5
com.chess.clock,A Google user,loved,5
com.chess.clock,A Google user,im chess player like play clocks would carry chess clock every great portable,4
com.chess.clock,A Google user,best chess clock could find simple comfortable ui ability multiple time modes saved great keep guys,5
com.chess.clock,A Google user,fev chess clock,4
com.chess.clock,A Google user,works great,5
com.chess.clock,A Google user,excellent clock,3
com.chess.clock,A Google user,please allow option show status bar clock running thank,5
com.chess.clock,A Google user,bug fixes working fine mobile yxtel g928 thanks,5
com.chess.clock,A Google user,seems excellent simple,5
com.chess.clock,A Google user,works good lenovo s920,5
com.chess.clock,A Google user,working device cant pause clock cant change time function available,3
com.chess.clock,A Google user,thanks chesscon,5
com.chess.clock,A Google user,like,5
com.chess.clock,A Google user,kinds increments looks sounds great,5
